{"cameraMode":{"drawMode":0,"name":"Shaded","section":"Shading Mode"},"sceneLighting":false,"audioPlay":false,"sceneViewState":{"showFog":true,"showMaterialUpdate":false,"showSkybox":false,"showFlares":true,"showImageEffects":true,"showParticleSystems":true},"in2DMode":false,"pivot":{"x":-0.40112900733947756,"y":0.1259855031967163,"z":-5.84023380279541},"rotation":{"x":0.24699141085147859,"y":0.658606767654419,"z":-0.24366463720798493,"w":0.6677798628807068},"size":1.6050748825073243,"orthographic":false}