{"cameraMode":{"drawMode":0,"name":"Shaded","section":"Shading Mode"},"sceneLighting":false,"audioPlay":false,"sceneViewState":{"showFog":true,"showMaterialUpdate":false,"showSkybox":false,"showFlares":true,"showImageEffects":true,"showParticleSystems":true},"in2DMode":false,"pivot":{"x":1.749645471572876,"y":0.039452552795410159,"z":1.5989313125610352},"rotation":{"x":0.21823792159557343,"y":0.177435502409935,"z":-0.040437012910842898,"w":0.9588131904602051},"size":4.149565696716309,"orthographic":false}