{"cameraMode":{"drawMode":0,"name":"Shaded","section":"Shading Mode"},"sceneLighting":false,"audioPlay":false,"sceneViewState":{"showFog":true,"showMaterialUpdate":false,"showSkybox":false,"showFlares":true,"showImageEffects":true,"showParticleSystems":true},"in2DMode":false,"pivot":{"x":-0.8145824670791626,"y":2.8619165420532228,"z":0.5964341163635254},"rotation":{"x":-0.6637683510780335,"y":-0.024221792817115785,"z":0.02151489071547985,"w":-0.7472400069236755},"size":7.2868242263793949,"orthographic":false}