{"cameraMode":{"drawMode":0,"name":"Shaded","section":"Shading Mode"},"sceneLighting":true,"audioPlay":false,"sceneViewState":{"showFog":true,"showMaterialUpdate":false,"showSkybox":false,"showFlares":true,"showImageEffects":true,"showParticleSystems":true},"in2DMode":false,"pivot":{"x":0.20054101943969727,"y":0.24065399169921876,"z":0.2042217254638672},"rotation":{"x":0.3529758155345917,"y":-0.3910679817199707,"z":0.16557177901268006,"w":0.8337026834487915},"size":3.86602520942688,"orthographic":false}