{"cameraMode":{"drawMode":0,"name":"Shaded","section":"Shading Mode"},"sceneLighting":false,"audioPlay":false,"sceneViewState":{"showFog":true,"showMaterialUpdate":false,"showSkybox":false,"showFlares":true,"showImageEffects":true,"showParticleSystems":true},"in2DMode":false,"pivot":{"x":0.9386916160583496,"y":0.25351428985595705,"z":-0.4292736053466797},"rotation":{"x":-0.017468607053160669,"y":0.9775486588478088,"z":-0.0900011733174324,"w":-0.18972453474998475},"size":7.446856498718262,"orthographic":false}