{"cameraMode":{"drawMode":0,"name":"Shaded","section":"Shading Mode"},"sceneLighting":false,"audioPlay":false,"sceneViewState":{"showFog":true,"showMaterialUpdate":false,"showSkybox":false,"showFlares":true,"showImageEffects":true,"showParticleSystems":true},"in2DMode":false,"pivot":{"x":-0.07698845863342285,"y":-0.09924566745758057,"z":1.371248722076416},"rotation":{"x":-0.017468607053160669,"y":0.9775486588478088,"z":-0.0900011733174324,"w":-0.18972453474998475},"size":2.709442377090454,"orthographic":false}