{"cameraMode":{"drawMode":0,"name":"Shaded","section":"Shading Mode"},"sceneLighting":false,"audioPlay":false,"sceneViewState":{"showFog":true,"showMaterialUpdate":false,"showSkybox":false,"showFlares":true,"showImageEffects":true,"showParticleSystems":true},"in2DMode":false,"pivot":{"x":9.69201374053955,"y":-10.53830623626709,"z":11.362483978271485},"rotation":{"x":0.285063773393631,"y":0.6733088493347168,"z":-0.31809690594673159,"w":0.6035545468330383},"size":25.755645751953126,"orthographic":false}