{"cameraMode":{"drawMode":0,"name":"Shaded","section":"Shading Mode"},"sceneLighting":false,"audioPlay":false,"sceneViewState":{"showFog":true,"showMaterialUpdate":false,"showSkybox":false,"showFlares":true,"showImageEffects":true,"showParticleSystems":true},"in2DMode":false,"pivot":{"x":1.5230786800384522,"y":0.7654294967651367,"z":6.409829139709473},"rotation":{"x":-0.04048098623752594,"y":0.9382983446121216,"z":-0.11772025376558304,"w":-0.3226473033428192},"size":0.6293948888778687,"orthographic":false}