{"cameraMode":{"drawMode":0,"name":"Shaded","section":"Shading Mode"},"sceneLighting":true,"audioPlay":false,"sceneViewState":{"showFog":true,"showMaterialUpdate":false,"showSkybox":false,"showFlares":true,"showImageEffects":true,"showParticleSystems":true},"in2DMode":false,"pivot":{"x":-0.962459921836853,"y":1.0904943943023682,"z":3.2030510902404787},"rotation":{"x":0.10397711396217346,"y":0.2066936492919922,"z":-0.022096499800682069,"w":0.9726144671440125},"size":2.9660251140594484,"orthographic":false}