{"cameraMode":{"drawMode":0,"name":"Shaded","section":"Shading Mode"},"sceneLighting":true,"audioPlay":false,"sceneViewState":{"showFog":true,"showMaterialUpdate":false,"showSkybox":false,"showFlares":true,"showImageEffects":true,"showParticleSystems":true},"in2DMode":false,"pivot":{"x":-1.0395793914794922,"y":1.525991439819336,"z":3.244150161743164},"rotation":{"x":0.17098380625247956,"y":-0.320117324590683,"z":0.05881023779511452,"w":0.9299997091293335},"size":18.0179443359375,"orthographic":false}